cohort_week,week_number,cohort_size,retained_users,retention_rate
2020-10-26,0,2365,2365,1.0
2020-10-26,1,2365,254,0.107399577167019
2020-10-26,2,2365,83,0.0350951374207188
2020-10-26,3,2365,56,0.0236786469344608
2020-10-26,4,2365,32,0.0135306553911205
2020-10-26,5,2365,24,0.0101479915433403
2020-10-26,6,2365,22,0.0093023255813953
2020-10-26,7,2365,6,0.002536997885835
2020-10-26,8,2365,14,0.0059196617336152
2020-11-02,0,19374,19374,1.0
2020-11-02,1,19374,1218,0.0628677609166924
2020-11-02,2,19374,660,0.0340662743883555
2020-11-02,3,19374,468,0.0241560854753793
2020-11-02,4,19374,441,0.0227624651594921
2020-11-02,5,19374,378,0.0195106844224218
2020-11-02,6,19374,249,0.0128522762465159
2020-11-02,7,19374,113,0.0058325590998245
2020-11-02,8,19374,75,0.0038711675441313
2020-11-09,0,16232,16232,1.0
2020-11-09,1,16232,1085,0.0668432725480532
2020-11-09,2,16232,507,0.0312345983242976
2020-11-09,3,16232,416,0.0256283883686545
2020-11-09,4,16232,400,0.0246426811237062
2020-11-09,5,16232,245,0.01509364218827
2020-11-09,6,16232,122,0.0075160177427304
2020-11-09,7,16232,68,0.00418925579103
2020-11-09,8,16232,100,0.0061606702809265
2020-11-16,0,18167,18167,1.0
2020-11-16,1,18167,1047,0.0576319700555953
2020-11-16,2,18167,599,0.0329718720757417
2020-11-16,3,18167,433,0.0238344250564209
2020-11-16,4,18167,326,0.0179446248692684
2020-11-16,5,18167,131,0.0072108768646446
2020-11-16,6,18167,78,0.0042934992018495
2020-11-16,7,18167,87,0.004788902955909
2020-11-16,8,18167,85,0.0046788132327847
2020-11-23,0,20072,20072,1.0
2020-11-23,1,20072,1020,0.0508170585890793
2020-11-23,2,20072,533,0.0265544041450777
2020-11-23,3,20072,318,0.0158429653248306
2020-11-23,4,20072,152,0.0075727381426863
2020-11-23,5,20072,93,0.0046333200478278
2020-11-23,6,20072,106,0.0052809884416102
2020-11-23,7,20072,98,0.0048824232762056
2020-11-23,8,20072,80,0.0039856516540454
2020-11-30,0,22034,22034,1.0
2020-11-30,1,22034,1187,0.0538712898248161
2020-11-30,2,22034,491,0.0222837433058001
2020-11-30,3,22034,196,0.0088953435599528
2020-11-30,4,22034,138,0.0062630480167014
2020-11-30,5,22034,147,0.0066715076699646
2020-11-30,6,22034,118,0.0053553598983389
2020-11-30,7,22034,86,0.0039030589089588
2020-11-30,8,22034,98,0.0044476717799764
2020-12-07,0,28545,28545,1.0
2020-12-07,1,28545,947,0.0331756875109476
2020-12-07,2,28545,270,0.0094587493431424
2020-12-07,3,28545,194,0.0067962865650726
2020-12-07,4,28545,298,0.0104396566824312
2020-12-07,5,28545,168,0.005885444035733
2020-12-07,6,28545,122,0.0042739534069013
2020-12-07,7,28545,115,0.0040287265720791
2020-12-14,0,24839,24839,1.0
2020-12-14,1,24839,709,0.028543822215065
2020-12-14,2,24839,235,0.0094609283787592
2020-12-14,3,24839,314,0.0126414106848101
2020-12-14,4,24839,227,0.0091388542211844
2020-12-14,5,24839,143,0.0057570755666492
2020-12-14,6,24839,113,0.0045492974757437
2020-12-21,0,17430,17430,1.0
2020-12-21,1,17430,447,0.0256454388984509
2020-12-21,2,17430,203,0.0116465863453815
2020-12-21,3,17430,172,0.0098680436029833
2020-12-21,4,17430,104,0.0059667240390131
2020-12-21,5,17430,75,0.0043029259896729
2020-12-28,0,16615,16615,1.0
2020-12-28,1,16615,408,0.0245561239843514
2020-12-28,2,16615,148,0.0089076136021667
2020-12-28,3,16615,101,0.0060788444176948
2020-12-28,4,16615,78,0.0046945531146554
2021-01-04,0,22908,22908,1.0
2021-01-04,1,22908,729,0.0318229439497118
2021-01-04,2,22908,285,0.0124410686223153
2021-01-04,3,22908,200,0.0087305744718002
2021-01-11,0,21433,21433,1.0
2021-01-11,1,21433,781,0.0364391359119115
2021-01-11,2,21433,301,0.0140437642887136
2021-01-18,0,20698,20698,1.0
2021-01-18,1,20698,853,0.0412117112764518
2021-01-25,0,19442,19442,1.0
