week_start,active_users,purchasing_users,purchase_events,purchase_revenue_usd,revenue_per_active_user,revenue_per_purchasing_user,purchase_events_per_purchasing_user
2020-10-26,2365,13,14,773.0,0.33,59.46,1.0769230769230769
2020-11-02,19628,242,291,21820.0,1.11,90.17,1.2024793388429753
2020-11-09,17533,327,366,23694.0,1.35,72.46,1.1192660550458715
2020-11-16,19968,362,563,38086.0,1.91,105.21,1.5552486187845305
2020-11-23,22126,498,681,47973.0,2.17,96.33,1.3674698795180722
2020-11-30,24534,572,644,43042.0,1.75,75.25,1.1258741258741258
2020-12-07,31498,737,865,59721.0,1.9,81.03,1.1736770691994574
2020-12-14,27421,523,685,47276.0,1.72,90.39,1.3097514340344167
2020-12-21,19137,230,257,14716.0,0.77,63.98,1.117391304347826
2020-12-28,17948,137,165,10368.0,0.58,75.68,1.2043795620437956
2021-01-04,24710,161,170,9402.0,0.38,58.4,1.0559006211180124
2021-01-11,23375,223,253,13150.0,0.56,58.97,1.1345291479820627
2021-01-18,22647,368,400,26966.0,1.19,73.28,1.0869565217391304
2021-01-25,21590,304,338,5178.0,0.24,17.03,1.111842105263158
