week_start,weekly_active_users,weekly_activated_users,weekly_activation_rate,sessions,purchasing_sessions,purchase_session_rate,purchase_revenue_usd,revenue_per_active_user
2020-10-26,2365,13,0.0054968287526427,2625,13,0.0049523809523809,773.0,0.33
2020-11-02,19628,242,0.0123293254534338,24991,249,0.0099635868912808,21820.0,1.11
2020-11-09,17533,327,0.0186505446871613,22508,341,0.0151501688288608,23694.0,1.35
2020-11-16,19968,362,0.0181290064102564,25914,374,0.0144323531681716,38086.0,1.91
2020-11-23,22126,498,0.0225074572900659,27780,515,0.0185385169186465,47973.0,2.17
2020-11-30,24534,572,0.0233145838428303,31088,590,0.0189783839423571,43042.0,1.75
2020-12-07,31498,737,0.0233983110038732,38729,772,0.0199333832528596,59721.0,1.9
2020-12-14,27421,523,0.0190729732686627,33411,549,0.0164317141061327,47276.0,1.72
2020-12-21,19137,230,0.0120186027067983,22083,233,0.0105511026581533,14716.0,0.77
2020-12-28,17948,137,0.0076331624693559,20444,138,0.0067501467423204,10368.0,0.58
2021-01-04,24710,161,0.0065155807365439,29029,162,0.0055806262702814,9402.0,0.38
2021-01-11,23375,223,0.0095401069518716,27707,227,0.008192875446638,13150.0,0.56
2021-01-18,22647,368,0.0162493928555658,27478,375,0.0136472814615328,26966.0,1.19
2021-01-25,21590,304,0.014080592867068,26342,310,0.0117682787943208,5178.0,0.24
